,pair_id,heavy,light,class
283710,1444107,EVQLVQSGAEVKEPGESLTISCEGSGYDFTNYFIAWVRQMPGKGLEWMGIVYPGDSNAKYSPAFQGQVTISADKSINTAYLHWRRLKTSDSAIYYCAKGMTSTSRWYIYYNMDVWGLGTTVIVSS,QSVLTQPPSASGTLGQRITISCSGSRSNIGDKYVDWYQQRPATAPKLLIYGNNKRPSGVPDRFFGSKSGPSASLVISGLLSEDEADYYCVVWDDSVSGPVFGGGTKLTVL,0
550032,467326,EVQLVESGGGLVQPGRSLRLSCTASGFTFGDYAMSWVRQAPGKGLEWVGFIRSKAYGGTTEYAASVKGRFTISRDDSKSIAYLQMNSLKTEDTAVYYCTRAMIVWTGAFDIWGQGTMVTVSS,DIQMTQSPSSLSASVGDRVTITCRASQSISSYLNWYQQKPGKAPKLLIYAASSLQSGVPSRFSGSGSGTDFTLTISSLQPEDFATYYCQQSYSTRTFGQGTKVEIK,0
141311,140716,EVQLVQSGAEVKKPGESLKISCKGSGYSFTSYWIGWVRQMPGKGLEWMGIIYPGDSDTRYSPSFQGQVTISADKSISTAYLQWSSLKASDTAMYYCARHMRGRPGYGIAAAGTSSYPYYYGMDVWGQGTTVTVSS,QLVLTQSPSASASLGASVKLTCTLSSGHSSYAIAWHQQQPEKGPRYLMKVNSDGSHSKGDGIPDRFSGSSSGAERYLTISSLQSEDEADYYCQTWGTGMVLGGGTKLTVL,1
647001,931636,EVQLVQSGAEVKKPGESLKISCKGSGYSFTSYWIGWVRQMPGKGLEWMGIIYPGDSDTRYSPSFQGQVTISADKSISTAYLQWSSLKASDTAMYYCARLDSGYVHDFDYWGQGTLVTVSS,EIVMTQSPATLSVSPGERATLSCRASQSVSSNLAWYQQKPGQAPRLLIYGASTRATGIPARFSGSGSGTEFTLTISSLQSEDFAVYYCQQYNNWLWTFGQGTKVEIK,0
31559,1619210,EVQLVESGGGLIQPGGSLRLSCAVSGFTVSSNYMIWVRQVPGKGLQWVSVIYSGGNTYYADSVKGRFTVSRDTSKNTLYLQMNGLRAEDTATYYCARDLRQLAGDIYFDFWGQGALVTVSS,SYELTQPPSVSVSPGQTARITCSRDALPKQYAYWYQQKPGQAPVLVIYKDSERPSGIPERFSGSSSGTTVTLTISGVQAEDEADYYCQSADSTTTYPVFGGGTKLTVL,0
17003,526820,QVQLVESGGGLVKPGGSLRLSCAASGFTFSDYYMSWIRQAPGKGLEWVSYISSSGSTIYYADSVKGRFTISRDNAKNSLYLQMNSLRAEDTAVYYCARDAIFGVVGPPYYYYYGMDVWGQGTTVTVSS,EIVLTQSPGTLSLSPGERATLSCRASQSVSSSYLAWYQQKPGQAPRLLIYGASSRATGIPDRFSGSGSGTDFTLTISRLEPEDFAVYYCQQYGSSRYTFGQGTKLEIK,0
576058,1415318,EVQLVESGGGLVQPGGSLRLSCAASGFTFSNYAMNWVRQAPGKGLEWISYITGSSSTMYHADSVKGRFTISRDNAKNSLYLQMNSLRAEDTAVYYCARDARWYYGMDVWGQGTTVTVSS,QSVLTQPPSVSAAPGQRVTISCSGTSSNIGFNYVAWYQQFPGTAPSLLIYENDKRPSGVPDRFSGSKSGTSATLTITGLQTGDEADYYCGTWDDSLTGAILAGGTKLTVL,0
693644,1598835,QVQLVESGGGVVQPGRSLRLSCAASGFTFSSYGMHWVRQAPGKGLEWVAVIWYDGSNKYYADSVKGRFTISRDNSKNTLYLQMNSLRAEDTAVYYCAREGAVSMSDTVTTYFDYWGQGTLVTVSS,DIQMTQSPSSLSASVGDRVTITCRASQSISSYLNWYQQKPGKAPKLLIYAASSLQSGVPSRFSGSGSGTDFTLTISSLQPEDFATYYCQQSYSTPPTFGQGTKLEIK,0
213913,212588,QVQLGQSGSELKKPGASVKVSCKPSGYAFNSLGLHWVRQAPGQGLEWMGWINTNSGNPTYAQAFTGRFVFSLDTSVSTAYLQISSLKAEDTAVYYCARVDRVDSFGMYFQHWGQGTLVTVSS,AIQMTQSPSSLSASVGDRVTITCRASQGIRNDLGWYQQKPGKAPKLLIYAASSLQSGVPSRFSGSGSGTDFTLTISSLQPEDFATYYCLQDYNYPHTFGQGTRLEIK,1
687728,675210,QVQLQQWGAGLLKPSETLSLTCAVYGESFSGYYWSWIRQPPGKGLEWIGEVSDSGRTNYNPSLESRATISIDTSKNQFSLKLRSVTAADTAVYYCARHTAYTYSNSYSYHTDVWGEGTTVTVSS,SYVLTQPPSVSVAPGKTARITCGGNNIGSKSVHWYQQKPGQAPVLVIYYDSDRPSGIPERFSGSNSGNTATLTISRVEAGDEADYYCQVWDSSSDHAVFGGGTQLTVL,1
90913,1040702,EVQLVQSGAEVKKPGESLKISCKGSGYSFTSYWIGWVRQMPGKGLEWMGIIYPGDSDTRYSPSFQGQVTISADKSISTAYLQWSSLKASDTAMYYCATRGRSAAAGTGDYWGQGTLVTVSS,SYELTQLPSVSVSPGQTARITCSGDVLGENYADWYQQKPGQAPELVIYEDSERYPGIPERFSGSTSGNTTTLTISRVLTEDEADYYCLSGDEDNKVFGGGTKLTVL,0
23746,1388227,QVHLQESGPGLVKPSETLSLTCTVSGGSISSYYWSWIRQPPGKGLEWIGYIYYSGSTNYNPSLKSRVTISVDTSKNQFSLKLSSVTAADTAVYYCAGTTVTDGGGGFYYFDYWGQGTLVTVSS,QSALTQPASVSGSPGQSITISCTGTSSDVGGYNYVSWYQQHPGKAPKLMIYDVSNRPSGVSNRFSGSKSGNTASLTISGLQAEDEADYYCSSYTSSSTLVFGTGTKVTVL,0
669513,897008,EVQLLESGGGLVQPGGSLRLSCAASGFTFSSYAMSWVRQAPGKGLEWVSAISGSGGSTYYADSVKGRFTISRDNSKNTLYLQMNSLRAEDTAVYYCARVDTAMGPPGEDYWGQGTLVTVSS,DIQMTQSPSSLSASVGDRVTITCRASQSISSYLNWYQQKPGKAPKLLIYAASSLQSGVPSRFSGSGSGTDFTLTISSLQPEDFATYYCQQSYSTPPYTFGQGTKLEIK,0
600319,590577,QVELQQSGPGLVKPSQTLSLTCAISGDSVSSNSAAWSWIRQSPSRGLEWLGRTYYASKWYNDYAVSVKSRITINPDTSKNQFSLHLYSVTPEDTALYYCARAGGSDAFDVWGQGTMVTVSA,DIQMTQSPSSLSASVGDRVTITCQASQDISNYLNWYQQKPGKAPKLLIYDASNLETGVPSRFSGSGSGTDFTFTISSLQPEDIATYYCQQYDNLPPTFGPGTKVDIK,1
244925,243209,QVQLVQSGSELKKPGASVKVSCKASGYSFISYGVNWVRQAPGQGLQWMGWINTNTGNPTYAQDFTGRFVFSLDTSVSTAFLQISSLKAEDTALYYCARSVGAATTWDIWGQGTLVTVSS,DIVMTQTPLSSPVTLGQPASISCRSSQSLVHSDGNTYFNWLQQRPGQPPRLLIYKISNRLSGVPDRFSGSGAGTDFTLKISRVEAEDVGIYYCMQATHYPFTFGPGTKVEIK,1
66132,757204,EVLLVQSGGGLVQPGGSLRLSCAVSGSSLSNHIISWVRQAPGQGLEWVSAMSLIDGSTYYADFVKGRFTFSRDDSSNAVLVQMNTLSVEDTAIYYCAREGYTSGRCGAYDIWGQGTLVTVSS,DIQMTQSPSTLSASVGDRVTITCRASQTISSWLAWYQQKPGKAPRLLIFEASTLHSGVPSRFSGSGSGTEFTLTINSLQPDDFGSYHCQHYHSYSPSFGGGTKVEIK,0
438841,377884,QVQLVQSGAEVKKPGSSVKVSCKASGGTFSSYAISWVRQAPGQGLEWMGGIIPIFGTANYAQKFQGRVTITADESTSTAYMELSSLRSEDTAVYYCARSYDFWSGYYASPPYNWFDPWGQGTLVTVSS,DIQMTQSPSSLSASVGDRVTITCRASQSISSYLNWYQQKPGKAPKLLIYAASSLQSGVPSRFSGSGSGTDFTLTISSLQPEDFATYYCQQSYSTPWTFGQGTKVEIK,0
412445,407611,QVHLQQSGPGLVNPSQTLSLTCAISGDSVSSNSATWNWIRQSPSRGLEWLGRTYFRSKWNNGYGESVKSRITINSDTSKNQFSLHLNSVTPEDTAVYYCADLDRAWGQGTLVTVSS,SYELSQPPSVSVSPGQTASITCSGDKLGDKYACWYQQKPGQSPVLVIYQNNKRPSGIPERFSGSNSGNTATLTISGTQAMDEADYYCQAWDSSTSYVFGPGTKVTVL,1
485665,1377994,QVQLVESGGGLVKPGGSLRLSCEASGFSISDYYMSWIRQAPGKGLEWVSYISNTDSYTNYADSVKGRLTISRDNAKNSLFLQMNNLRVEDTAVYYCATGGGPYGGNSNYWGQGTLVTVSS,ETVMTQTPLSLPVTPGEPASISCRSSESLLDNDDGNTYLDWYVQKPGQSPQLLIYMLSYRASGVPDRFSGSGSGTDFTLKISRVEAEDVGVYYCMQRIEFPSFGGGTKVEIK,0
502774,1294511,QVQLQQSGPGLVKPSQTLSLTCAISGDSVSSNRAAWNWIRQSPSRGLEWLGRTYYRSKWYNDYAVSVKGRITINPDTSKNQFSLQLNSVTPEDTAVFYCARGVEVGVRLGEFSLLSYYYYSMDVWGQGTTVTVSS,EIVMTQSPATLSVSPGERATLSCRASQSVSSNLGWYQQKPGQAPRLLIYGASTRATGIPARFSGSGSGTEFTLTISSLQSEDFAVYYCQQYNNWPPLTFGGGTKVEIK,0
649795,638495,QVRLQESGPGLVRPSETLILTCTVSIGSISDNYWSWIRQPPGKGLEWIGNVYFSGSTNYNPSLRGRVSISLDASKNQFSLKLRSVTAPDTAVYYCAGSQTSVRGAMGSWGRGTLVTVSS,EIVLTQSPDFQSVTPKEKVTITCRASQSIGSSLHWYQQKPDQSPKLLIKYASQSFSGVPSRFSGSGSGTDFTLTINSLEAEDAATYYCHQSSSLPHTFGQGTRLEIK,1
149183,148529,QVTLRESGPALVKPTQTLTLTCTFSGFSLSTSGMCVSWIRQPPGKALEWLALIDWDDDKYYSTSLKTRLTISKDTSKNQVVLTMTNMDPVDTATYYCARIRGGYSYGSYYYYGMDVWGQGTTVTVSS,QTVVTQEPPSSVSPGGTVTLTCGLNSGSVSSSNYPSWYQQTPGQAPRTLIYNTNSRSSGVPDRFSGSILGNRAALTITGAQADDECDYYCLLYVGSGVWVFGGGTKLTVL,1
343069,339729,QVQLVQSGSELKRPGASVKVSCKASGYTFTGPSINWVRQAPGQGLEWMGWINTITGNPTYAQDFTGRFVFSLDTSVSTTYLQIDSLKADDTAVYYCARDRATIDFDLWGQGTLVTVSS,DVVMTQSPLSLPVTLGQPASISCRSSQSLVHSDGNTYLNWFQQRPGQSPRRLIYNVSNRDSGVPDRFSGSGSGTDFTLKISRVEAEDVGVYYCMQGTHWPPWTFGQGTKVEIK,1
27794,27776,QITLKESGPTLVKPTQTLTLTCTFSGFSLSTSGVGVGWIRQPPGKALEWLALIYWNDDKRYSPSLKSRLTITKDTSKNQVVLTMTNMDPVDTATYYCAHLQLWLLTYAFDIWGQGTMVTVSS,QTVVTQEPSLTVSPGGTVTLTCASSTGAVTSGYYPNWFQQKPGQAPRALIYSTNNKHSWTPARFSGSLLGGKAALTLSGVQPEDEAEYYCLLYYGGAQHWVFGGGTKLTVL,1
258532,1428543,EVQLVASGGGLVQPGGSLTLSCVASGLTLRTYDMNWVRQAPGKGLEWVAYISSTSSRTEYADSVKGRFTISRDNGKNSLYLQMSSLTAEDTAVYYCARIDSSSHVWIDPWGQGTLVTVSS,EIVLTQSPATLSLSPGERATLSCRASQTISIYVAWYQQKPGQAPRLLIYDASNRATGIPARFSGSGSGTDFTLTISSLEPEDFAMYYCQQRMIWPPITFGQGTRLEIK,0
260169,258234,QVQLVQSGSELKKPGASVKVSCKASGYTFTSYAMNWVRQAPGQGLEWMGWINTNTGNPTYAQGFTGRFVFSLDTSVSTAYLQISSLKAEDTAVYYCAREGYSGYVQYYFDYWGQGTLVTVSS,QPVLTQPPSASASLGASVTLTCTLSSGYSNYKVDWYQQRPGKGPRFVMRVDTGGIVGSKGDGIPDRFSVLGSGLNRYLTIKNIQEEDESDYHCGADHGSGTNFVYVFGGGTKLTVL,1
633457,428936,QVQLQESGPGLVKPSQTLSLTCTVSGGSISSGSYYWSWIRQPAGKGLEWIGRIYTSGSTNYNPSLKSRVTISVDTSKNQFSLKLSSVTAADTAVYYCARVRYSYGYQNWGQGTLVTVSS,DIQMTQSPSTLSASVGDRVTITCRASQSISSWLAWYQQKPGKAPKLLIYKASSLESGVPSRFSGSGSGTEFTLTISSLQPDDFATYYCQQYNSYSFTFGPGTKVDIK,0
262057,318842,QVQLVQSGAEVKKPGASVKVSCKASGYTFTSYYMHWVRQAPGQGLEWMGIINPSGGSTSYAQKFQGRVTMTRDTSTSTVYMELSSLRSEDTAVYYCARDLDPPPYYDILTGYRGYAFDIWGQGTMVTVSS,QSVLTQPPSVSAAPGQKVTISCSGSSSNIGNNYVSWYQQLPGTAPKLLIYENNKRPSGIPDRFSGSKSGTSATLGITGLQTGDEADYYCGTWDSSLSAGGDVVFGGGTKLTVL,0
681495,296388,QVQLQESGPGLVKPSETLSLTCTVSGGSISSYYWSWIRQPPGKGLEWIGYIYYSGSTNYNPSLKSRVTISVDTSKNQFSLKLSSVTAADTAVYYCARVYGYDSSGYWDDAFDIWGQGTMVTVSS,SYELTQPPSVSVSPGQTASITCSGDKLGDKYACWYQQKPGQSPVLVIYQDSKRPSGIPERFSGSNSGNTATLTISGTQAMDEADYYCQAWDSSNVVFGGGTKLTVL,0
147169,146535,QITLKESGPTLVKPTQTLTLTCTFSGFSLSTSGVGVGWIRQPPGKALEWLTLLYWDDDKRYSPSLKNRLTITKDTSKNQVVLTMTNMDPVDTATYYCAHRHTNYGDYESAFDIWGQGTMVTVSS,QTVVTQEPSFSVSPGGTVTLTCGLSSGSVSTSYYPSWYQQTPGQAPRTLIYSTNTRSSGVPDRFSGSILGNKAALTITGAQADDESDYYCVLYMGRGWVFGGGTKLTVL,1
88201,1030681,EVQLVESGGGLVQPGGSLRLSCAASGFTFSSYWMHWVRQAPGKGLVWVSRINSDGSSTSYADSVKGRFTISRDNAKNTLYLQMNSLRAEDTAVYYCATLWFGEFYYMDVWGKGTTVTVSS,QSVLTQPPSASGTPGQRVTISCSGSSSNIGSNYVYWYQQLPGTAPKLLIYRNNQRPSGVPDRFSGSKSGTSASLAISGLRSEDEADYYCAAWDDSLSGPVFGGGTKLTVL,0
251996,300492,QVQLVQSGAEVKKPGASVKVSCKASGYTFTSYAMHWVRQAPGQRLEWMGWINAGNGNTKYSQKFQGRVTITRDTSASTAYMELSSLRSEDTAVYYCARESGGVRYFVRGVPTYYYYMDVWGKGTTVTVSS,DIVMTQSPLSLPVTPGEPASISCRSSQSLLHSNGYNYLDWYLQKPGQSPQLLIYLGSNRASGVPDRFSGSGSGTDFTLKISRVEAEDVGVYYCMQALQTPQLTFGGGTKVEIK,0
171538,170667,EVQLVESGGGLVQPGRSLRLSCTASGFTFGDYAMSWFRQAPGKGLEWVGFIRSKGYGGTTEYAASVKGRFTISRDDSKSVAYLQMNILKTEDTAVYYCTKAVLGGSYSGFDEYFQHWGQGTLVTVFS,DIVMTQSPLSLPVTPGEPASISCRSSQSLLHSNGYNYLDWYLQKPGQSPQLLIYLGSNRASGVPDRFSGSGSGTDFTLKISRVEAEDVGVYYCMQALQSFTFGPGTKVDIK,1
147530,146894,QVQLVQSGAEVKKPGSSVKVSCKASGGTFSSYAISWVRQAPGQGLEWMGGIIPIFGTANYAQKFQGRVTITADESTSTAYMELSSLRSEDTAVYYCARGGIGTPGGSPNFDLWGRGTLVTVSS,NFMLTQPHSVSESPGKTVTISCTRSSGSIGSNYVQWYQQRPGSSPTTVIYEDRQRPSGVPDRFSGSIDYSSNSASLTISGLKTEDEADYYCQSYDSSNVVFGGGTKLTVL,1
223014,809959,QVQLVESGGGVVQPGRSLRLSCAASGFTFSSYGMHWVRQAPGKGLEWVAVISYDGSNKYYADSVKGRFTISRDNSKNTLYLQMNSLRAEDTAVYYCAKDGGNVRFDYWGQGTLVTVSS,QSALTQPRSVSGSPGQSVTISCTGTSSDVGGYNYVSWYQQHPGKAPKLMIYDVSKRPSGVPDRFSGSKSGNTASLTISGLQAEDEADYYCCSYAGSYVFGGGTKLTVL,0
630365,974790,EVQLVESGGGVVQPGGSLRLSCAASGFTFDDYAMHWVRQAPGKGLEWVSLISGDGGSTYYADSVKGRFTISRDNSKNSLYLQMNSLRTEDTALYYCAKDFFAVTTLREENWFDPWGQGTLVTVSS,EIVLTQSPATLSLSPGERATLSCRASQSVSSYLAWYQQKPGQAPRLLIYDASNRATGIPARFSGSGSGTDFTLTISSLEPEDFAVYYCQQRSNWPSFGPGTKVDIK,0
231234,229713,QVQLVQSGAEVKKPGASVKVSCKASGYTFTGYYMHWVRQAPGQGLEWMGWINPNSGGTNYAQKFQGRVTMTRDTSISTAYMELSRLRSDDTAVYYCASPFVGNNERRGLDAFDIWGQGTMVTVSS,ETTLTQSPAFMSATPGDKVNISCKASQDIDDDMNWYQQKPGEATIFIIQEATTLVPGIPPRFSGSGYGTDFTLTINNIESEDAAYYFCLQHDSFPLTFGGGTKVEIK,1
197830,1452326,EVQLVESGGGLVQPGRSLRLSCAASGFTFDDYAMHWVRQAPGKGLEWVSGISWNSGSIGYVDSVKGRFTISRDNAKNSLYLQMNSLRVEDTALYYCVKVEGIAVAGGGDYWGQGTLVTVSS,QAVLTQPSSLSASPGASASLTCTLRSGIYVGTYRIYWYQQKPGSPPQYLLSYKSDSDYQQGSGVPSRFSGSKDASANAGILLISGLQSEDEADYYCMIWYNGAWVFGGGTKLTVL,0
197773,990646,QVQLVQSGAEVKKPGSSVKVSCKASGGTFSSYAISWVRQAPGQGLEWMGGIIPIFGTANYAQKFQGRVTITADESTSTAYMELSSLRSEDTAVYYCARDKDQAAMPHEMGYYGMDVWGQGTTVTVSS,DVVMTQSPLSLPVTLGQPASISCRSSQSLVYSDGNTYLNWFQQRPGQSPRRLIYKVSNRDSGVPDRFSGSGSGTDFTLKISRVEAEDVGVYYCMQGTHWPPYTFGQGTKLEIK,0
223874,222437,EVQLVESGGGLVQPGRSLRLSCTASGFTFGDYAMSWVRQAPGKGLEWVGFIRSKAYGGTTEYAASVKGRFTISRDDSKSIAYLQMNSLKTEDTAVYYCTRDNTVTTDPGYYYYYMDVWGKGTTVTVSS,EIVLTQSPDFQSVTPKEKVTITCRASQSIGGSLHWYQQKPDQPPKLLIKFASLAISGVPSRFSGSGSGTDFTLTISSLEAEDAATYYCHQSKFLPITFGQGTRLEIK,1
20612,183860,QLQLQESGPGLVKPPETLSLTCTVSGGSVSDTDYYWGWIRQPPGKGLEWIGHLHYSGRTYYNPSLESRVIMSVGTSNNQFSLRLSPVTATDTAVYYCVRYSGGWDYWGQGSLVTVSS,QTVVTQEPSLTVSPGGTVTLTCTSSTGAVTSGYYPNWVQQKPGQAPMSLIYSTSYKHSWTPARFSGSLLGGKAALTLSGVQPEDEADYYCLLYYGGAQVWVFGGGTKLTVL,0
456164,450366,QVQLQESGPGLVKPSETLSLTCTVSGGSISSYYWSWIRQPPGKGLEWIGYMYYTGSTNYNPSLKSRVTISVDTSKNQFSLNLSSVTAADTAVYYCARVGGYHSPPSSWGQGTLVTVSS,NFMLTQPHSVSESPGKTVTISCTRSSGSIASNYVQWYQQRPGSAPTTVIYEDNQRPSGVPDRFSGSIDSSSNSASLTISGLKTEDEADYYCQSYDSSNLYVFGTGTKVTVL,1
636922,271503,QLQLQESGPGLVKPSETLSLTCTVSGGSISSSSYYWGWIRQPPGKGLEWIGSIYYSGSTYYNPSLKSRVTISVDTSKNQFSLKLSSVTAADTAVYYCARSHPRSGWFGFDYWGQGTLVTVSS,QSVLTQPPSVSGAPGQRVTISCTGSSSNIGAGYDVHWYQQLPGTAPKLLIYGNSNRPSGVPDRFSGSKSGTSASLAITGLQAEDEADYYCQSYDSSLSGSVVFGGGTKLTVL,0
330072,326965,QITLTESGPALVKVTQTLTLTCTFSGFSLTTNEVGVVWIRQPPGKALEWLAIIYWNDDKRYSPSLKNRLIVTKDTSKNQVVLTVTNMDPVDTATYFCAKTNWGSWYFDLWGRGTLVTVSS,DIQMTQSPSSLSASVGDRVTITCQASQDISNYLNWYQQKPGKAPKLLIYDASNLETGVPSRFSGSGSGTDFTFTISSLQPEDIATYYCQQYDNLLGITFGPGTKVDIK,1
36766,679518,EVQLVESGGGLVKPGGSLRLSCAASGFTFSSYSMNWVRQAPGKGLEWVSSISSSSSYIYYADSVKGRFTISRDNAKNSLYLQMNSLRAEDTAVYYCASQGTAFIPGYDILTGYVDYWGQGTLVTVSS,QSVLTQPPSASGTPGQRVTISCSGSSSNIGSNTVNWYQQLPGTAPKLLIYSNNQRPSGVPDRFSGSKSGTSASLAISGLQSEDEADYYCAAWDDSLNGWVFGGGTKLTVL,0
483808,477322,QVQLVQSGAEVKKPGASVKVSCKASGYTFTGYYMHWVRQAPGQGLEWMGRINPNSGGTNYAQKFQGRVTMTRDTSISTAYMELSRLRSDDTAVYYCARGITMVQGVIEYYFDYWGQGTLVTVSS,QTVVTQEPSFSVSPGGTVTLTCGLSSGSVSTSYYPSWYQQTPGQAPRTLIYSTNTRSSGVPDRFSGSILGNKAALTITGAQADDESDYYCVLYMGSGISVFGGGTQLTVL,1
214200,212875,QITLKESGPTLVKPTQTLTLTCTFSGFSLSTSGVGVGWIRQPPGKALEWLALIYWDDDKRYSPALKSRLTITKDTSRNQVVLTMTNMDPVDTGTYYCAHRATVSFYGYWGQGTLVTVSS,EIVLTQSPDFQSVTPKEKVTITCRASQSIGSSLHWYQQKPDQSPKLLIKYASQSISGVPSRFSGSGSGTDFTLTINSLEAEDAAAYYCHQSSSLPYTFGQGTKLEIK,1
40347,40309,EVQLLQSGAEAKKPGESLKISCEGSGYSFDNYWIGWVRQMPGKGLEWMGGVYPGDSDTRYSPSFQGQVTMSADKSTSTAYLHWDSLKASDTAMYYCGRPPYSGRYPHAFDIWGQGTMVTVSS,EIVLTQSPDFQSVTPKEKVTITCRASQSIGSSLHWYQQKPDQSPKLLIKYASQSFSGVPSRFSGSGSGTDFTLTINSLEAEDAATYYCHQSSSLPHTFGQGTKLEIK,1
276918,274714,QVQLQQSGPGLVKPSQTLSLTCAISGDSVSTNSGAWNWIRQSPSRGLEWLGRTYYRSKWYYDYAVSVKSRITINPDTSKNHFSLHLNSVTPEDTAVYYCARSEGDTAMLTGYFYSHYMDVWGKGTTVTVSS,DIVMTQTPLSLSVTPGQPASISCKSSQSLLHSDGKTYLYWYLQKPGQSPQLLIYEVSSRFSGVPDRFSGSGSGTDFTLKISRVEAEDVGVYYCMQGIHLPPLFGPGTKVDIK,1
15962,15957,QVQLQQSGPRLVKPSQTLSLTCAISGDSVSSNSAVWSWIRQSPSRGLEWLGRTHYSSTWSNEYAFSVRSRITINPDASRNQFSLQLTSVTSEDTAVYYCGRGWAAFDIWGQGTTVTVSS,QAVVTQEPSLTVSPGGTVTLTCGSSTGTVTSGHHPYWLQRKPGQAPRTLIYDITNKHSWTPARFSGSLLGGKAALTLSGAQPEDEADYYCLLSFNGPWVFGGGTKLTVL,1
30709,30688,EVQLVESGGGLVQPGGSLRLSCAASGFTFSSYEMNWVRQAPGKGLEWVSYISSSGSTIYYADSVKGRFTISRDNAKNSLYLQMNSLRAEDTAVYYCARDNGSRLEEYFQHWGQGTLVTVSS,DIVMTQSPLSLPVTPGEPASISCRSSQSLLHSNGYNYLDWYLQKPGQSPQLLIYLGSNRASGVPDRFSGSGSGTDFTLKISRVEAEDVGVYYCMQALQSFTFGPGTKVDIK,1
632539,906874,EVQLVESGGGLVQPGGSLRLSCAASGFTVSSNYMSWVRQAPGKGLEWVSVIYSGGSTYYADSVKGRFTISRDNSKNTLYLQMNSLRAEDTAVYYCHSSRYYYYGMDVWGQGTTVTVSS,DIQMTQSPSSLSASVGDRVTITCQASQDISNYLNWYQQKPGKAPKLLIYDASNLETGVPSRFSGSGSGTDFTFTISSLQPEDIATYYCQQYDNLSITFGQGTRLEIK,0
255006,746444,EVQLLESGGGLVQPGGSLRLSCAASGFTFSSYGMSWVRQAPGKGLEWVSGISGGGGSTYYADSVKGRFTISRDSSKNTLYLQMNSLRAEDMAVYYCAKDRLTISAFDIWGQGTMVTVSS,QSALTQPASVSGSPGQSITISCTGTGSDVGGYNYVSWYQQHPGKAPKLMIYDVTNRPSGVSNRFSGSKSGNTASLTISGLQAEDEAEYYCSSYTSSDTLVFGGGTKLTVL,0
75930,75764,QVQLQQSGPGLVKPSQTLSLTCAISGDSVSSNSAAWNWIRQSPSRGLEWLGRTYYRSKWYNDYAVSVKSRITINPDTSKNQFSLQLNSVTPEDTAVYYCASGYGDYDSLDYWGQGTLVTVSS,DIVVTQSPLSLPVIPGEPASISCRSSQSLLHSNGYNYLDWYLQKPGQSPQLLIYLGSHRASGVPDRFSGSGSGTDFTLKISRVEAEDVGVYYCMQALPTPPGMYTFGQGTKLEIK,1
92712,1446392,QVQLVQSGVEVKKPGASVKVSCKASGYIFTSYYMHWVRQAPGQGLEWMGTITPSGESTTYAQKFQGRVAITRDTSTSTVYMDLSSLRSDDTAVYFCATLGASFDHWGQGTLVTVSS,DIQMTQSPSSLSASVGDRVSITCRASQGINNYLAWFQQKPGKAPKSLIYAASSLQSGVPSKFSGSGYGTDFTLTISSLQPEDFATYYCQQYKNYPYTFGQGTKLEIK,0
708924,1146356,QVQLQQSGPGLVKPSQTLSLTCGISGDSVSSNSAAWNWIRQSPSRGLEWLGRTYYRSKWYNDYAVSVKSRLTIKPDTSKNQFSLQLNSVTPEDTAVYYCARDLTLWVGELPPALYYYGMDVWGQGTTVTVSS,QSALTQPPSASGSPGQSVTISCTGTSSDVGGYNYVSWYQQHPGKAPKLMIYEVSKRPSGVPDRFSGSKSGNTASLTVSGLQAEDEADYYCSSYAGSNNLVFGGGTKLTVL,0
694699,60075,EVQLVESGGGLVQPGGSLRLSCAASGFTVSSNYMSWVRQAPGKGLEWVSVIYSGGSTYYADSVKGRFTISRDNSKNTLYLQMNSLRAEDTAVYYCARDFSYGDYDLGWFDPWGQGTLVTVSS,SYVLTQPPSVSVAPGQTARITCGGNNIGSKSVHWYQQKPGQAPVLVVYDDSDRPSGIPERFSGSNSGNTATLTISRVEAGDEADYYCQVWDSSSDHVVFGGGTKLTVL,0
5331,5330,QVQLQQSGPGLVKPSQTLSLTCAISGDSVSSSNAAWNWIRQSPSRGLEWLGRTYYRSKWYNDYAESVKSRISINPDTSKNQFSLQLNSVTPEDTAVYYCARDRGSSGGWFDPWGQGTLVTVSS,DVVMTQSPLSLPVTLGQPASISCRSSQGLVHGDGNTYFYWFQQRPGQSPRRLIYRVSGRDSGVPDRFSGSGSGTDFTLKISRVEAEDVGVYYCMQSSLWPWTFGQGTKVEIK,1
256266,254376,QVQLVQSGSELKKPGASVKVSCKASGYTFTSYAMNWVRQAPGQGLEWMGWINTNTGNPTYAQGFTGRFVFSLDTSVSTAYLQISSLKAEDTAVYYCARASGATGDWDYWGQGTLVTVSS,QTVVTQEPSFSVSPGGTVTLTCGLSSGSVSTSYYPSWYQQTPGQAPRTLIYSTNTRSSGVPDRFSGSILGNKAALTITGAQADDESDYYCVLYMGSGIWVFGGGTKLTVL,1
239429,237794,QMQLVQSGAEVKKPGASVKVSCKAPEYISTTNFMHWVRQAPGQGLEWMGIINPSNGDTSYAQKFQGRVTVTRDTSTRTFYMELSSLISEDTAVYYCARDTGTIYAGKDWSLDLWGRGTLVIVSS,QAVVTQEPSLTVSPGGTVTLTCGSSTGAVTSGHYPYWFQQKPGQAPRTLIYDTSNKHSWTPARFSGSLLGGKAALTLSGAQPEDEAEYYCLLSYSGAYVFGTGTKVTVL,1
21514,21503,QVQLVQSGSELKKPGASVKVSCKASGYTFTSYLVNWVRQAPGQGLEWMGWINTNTGKPTYAQGFTGRFVFSLDSSVTTTYLQITGLKGEDTGVYYCVRGNHDSGESDSWGQGTLVTVSS,DIVMTQSPLSLPVTPGEPASISCRSSQSLLHSNGYNYLDWYLQKPGQSPQLLIYLGSNRASGVPDRFSGSGSGTDFTLKISRVEAEDVGVYYCMQALQTFTFGPGTKVDIK,1
338077,121140,EVQLVETGGGLIQPGGSLRLSCAASGFSVRSNYMSWVRQAPGRGLEWVSVIYTGGTTYYADSVKGRFNISRDNSKNTLHLQMNSLRADDTAVYYCARVDYSDYVDSWGQGTLVTVSS,QSALTQPASVSGSPGQSITISCTGTSSDVGGYNYVSWYQQHPGKAPKLMIYGVNNRPSGVSNRFSGSKSDNTASLTISGLQAEDEADYYCNSYTTSSTLYVFGTGTKVTVL,0
6265,6264,QLQLQESGPGLVKPSETLSLTCTVSGGSITHYHWSWIRQPAGKGLEWIGRVYPGGTTNYNLSLKSRVTMSVDTSKNHFSLKLSSVTAADTAIYYCASVRGHDNNFYFQHWGQGTLVTVSS,QPVLTQPPSSSASPGESARLTCTLPSDINVGSYNIYWYQQKPGSPPRYLLYYYSDSDKGQGSGVPSRFSGSKDASANTGILLISGLQSEDEADYYCMIWPSNAYVFGGGTKLTVL,1
566698,557947,QITLKESGPTLVKPTQTLTLTCTFSGFSLSTSGVGVGWIRQPPGKALEWLALIYWNDDKRYSPSLKSRLTITKDTSKNQVVLTMTNMDPVDTATYYCAHRRSEYGDYFPRFDPWGQGTLVTVSS,QTVVTQEPSLTVSPGGTVTLTCAPTTGTVTSNYWPNWFQQKPGQAPRALIYTTNNKHSWTPARFSGSLLGGKAALTLSNVQPEDEADYYCLLTYDNQWVFGGGTKLTVL,1
296115,293620,QVQLQQSGPGLVKPSQTLSLTCAISGDSVSSNSAAWNWVRQSPSRGLEWLGRTYYRSKWYNNYAVSVKSRITINPDTSKNQFSLQLNSVTPEDTAVYYCARAKVGTGYSGYEFDYWGQGTLVTVSS,QTVVTQEPSLTVSPGGTVTLTCASSTGTVTSDYYPNWFQQKPGQAPRALIYSTSNKHSWTPARFSGSLLGGKAALTLSGVQPEDEAEYYCQLYYGGARVFGGGTKLTVL,1
183251,278324,EVQLVESGGGLVQPGGSLRLSCAASGFTFSSYEMNWVRQAPGKGLEWVSYISSSGSTIYYADSVKGRFTISRDNAKNSLYLQMNSLRAEDTAVYYCARDPYYYDSSGYWGDAFDIWGQGTMVTVSS,SYVLTQPPSVSVAPGQTARITCGGNNIGSKSVHWYQQKPGQAPVLVVYDDSDRPSGIPERFSGSNSGNTATLTISRVEAGDEADYYCQVWDSSSDHVVFGGGTKLTVL,0
269388,267311,QVQLVQSGSELKKPGASVKVSCKASGYTFTSYAMNWVRQAPGQGLEWMGWINTNTGNPTYAQGFTGRFVFSLDTSVSTAYLQISSLKAEDTAVYYCARAVYSSGWHVFDYWGQGTLVTVSS,DIVMTQSPDSLAVSLGERATFNCKSSQSVLYSSNNKNYLAWYQQKPGQPPHLLIYWASTRESGVPDRFSGGGSGTDFTLTISSLQAEDVAVYYCQQYYSTPTFGQGTRLEIK,1
143398,268205,QVQLQESGPGLVKPSETLSLTCAVSGYSISSGYYWGWIRQPPGKGLEWIGSIYHSGSTYYNPSLKSRVTISVDTSKNQFSLKLSSVTAADTAVYYCARDTYLDSSGYYVYFDYWGQGTLVTVSS,DIQMTQSPSSLSASVGDRVTITCRASQSISSYLNWYQQKPGKAPKLLIYAASSLQSGVPSRFSGSGSGTDFTLTISSLQPEDFATYYCQQSYSTPITFGQGTRLEIK,0
118372,117958,EVQLVQSGAEVKKPGESLKISCKGSGYSFTSYWIGWVRQMPGKGLEWMGIIYPGDSDTRYSPSFQGQVTISADKSISTAYLQWSSLKASDTAMYYCARWDTAMATRYFDLWGRGTLVTVSS,QTVVTQEPSFSVSPGGTVTLTCGLSSGSVSTSYYPSWYQQTPGQAPRTLIYSTNTRSSGVPDRFSGSILGNKAALTITGAQADDESDYYCVLYMGSGIEVFGTGTKVTVL,1
481025,474608,QVQLVQSGSELKKPGASVKVSCKASGYTFTSYAMNWVRQAPGQGLEWMGWINTNTGNPTYAQGFTGRFVFSLDTSVSTAYLQISSLKAEDTAVYYCARVVGAMSDAFDIWGQGTMVTVSS,DIQMTQSPSSLSASVGDSVTITCRASHSVSRNLNWYQQKPGKAPELLIYSASNLQSGVPSRFSGSGSGTEFTLTISSLQPEDFGTYFCQQTYSTLPITFGQGTRLEIK,1
288041,285659,EVQLVQSGAEVKKPGESLKISCKGSGYSFTTYWIAWVRQMPGKGLEWMGIIYPGDSDTRYSPSFQGQVTLSADKSISTAYLQWSSLKASDTAMYYCVSGYYGSGSPDSWGQGTLVTVSS,QTVVTQEPSFSVSPGGTVTLTCGLSSGSVSTSYYPSWYQQTPGQAPRTLIYSTNTRSSGVPDRFSGSILGNKAALTITGAQADDESDYYCVLYMGSGISVFGGGTQLTVL,1
282144,593510,QVQLQESGPGLVKPSGTLSLTCAVSGDSISSRNWWSWVRQPPGKGLEWIGEIYHSGSTSYNPSLKSRVTISVDKSKNQFSLTLNSVTAADTAVYYCARVRSIEMSGISIFDIWGQGTMVTVSS,EVVMTQSPATLSVSPGERATLSCRASQSVSTNLAWYQQKPGQAPRLLIFGATTRATGIPARFSGSGSGTEFTLTISSLQSEDFVVYYCQQYNQWAYTFGQGTKLEIK,0
47026,46972,QVTLKESGPVLVKPTETLTLTCTVSGFSLSNARMGVSWIRQPPGKALEWLAHIFSNDEKSYSTSLKSRLTISKDTSKSQVVLTMTNMDPVDTATYYCARISYSSGARGYFDLWGRGTLVTVSS,DIVMTQSPLSLPVTPGEPASISCRSSQSLLHSNGYNYLDWYLQKPGQSPQLLIYLGSNRASGVPDRFSGSGSGTDFTLKISRVEAEDVGVYYCMQALQTPWTFGQGTKVEIK,1
45555,1384488,QLQLQESGPGVVKPSETLSLTCTVSGGSISSSSSTWAWIRQPPGKGLEWIGSISYSGSTYYNPSLKSRITISVDTSKNQFSLKLSSVTAADTALYYCASPYCSSGRCYWEWFDPWGQGTLVTVSS,EIVLTQSPATLSLSPGERATLSCRASQSVSSFLAWYQQKPGQAPRLLIYDASNRATGIPARFSGSGSGTDFTLTISSLEPEDFAVYYCQQRRSWPPLTFGGGTKVEIK,0
715264,1054184,EVQLLESGGGLAQPGGSLRLSCAASGFTFSSCAMRWVRQAPGKGLEWVSGISASGGGTYYADSVKGRFTISRDNSKNTLYLQMNSLRAEDTAVYYCARRLPLQGFYGMDVWGQGTTVTVSS,DIQLTQSPSFLSASVGDRVTITCRASQGISSFLAWYQQKPGKAPKLLIYAASTLQSGVPSRFSGSGSGTEFTLTISSLQPEDFATYYCQRLNSYPLAFGGGTKVEIK,0
164834,1361966,EVQLVESGGGLVQPGGSLRLSCAVSGFTFSRNWMSWVRQAPGKGLEWVANIKQDGGETYYVDSVKGRFTISRDNAKNSLFLQMYSLRAEDTAVYYCATLAARQTYDYWGQGTLVTVSS,QSVLTQPPSVSAAPGQKVTISCSGSSSNIGKNYVSWYQQFPGTAPKLLIYDNVKRPSGIPDRFSASKSGTSATLGITGLQTGDEADYYCGTWDSSLSAGVFGGGTKLTVL,0
673908,80359,EVRLVESGGGLVQPGGSLRLSCAASGFTFSDEWMAWVRQAPGKGLEWVAYIKQDESAQNYVDSVRGRFSISRDNGKNSLYLQMNSLRVEDTAVYYCVRDVRGPRDWGQGTMVTVSS,DVVMTQSPLSLPVTLGQPASISCRSSQSLVYSDGNSYLNWFQQRPGQSPRRLVYRVSNRDSGVPDRFSGSGSGTDFTLKISRVEAEDVGVYYCMQGTHWPYTFGQGTKLDIK,0
408553,403820,QVQLVQSGAEMKNPGASVRVSCKASGYSFSDYYMHWVRQAPGEGLEWMGWINPNRGGTRYALKFQGRATMTWDTSINTAYMELSRLTSDDTAVFYCARAGTAESWYFDLWGRGTLVTVSS,SYVLTQPPSVSVAPGQTARITCGGNNIGSKSVHWYQQKPGQAPVLVVYDDSDRPSGIPERFSGSNSGNTATLTISRVEAGDEADYYCQVWDSSSDHRYVFGTGTKVTVL,1
286544,498859,QVQLVESGGGVVQPGRSLRLSCAASGFTFSSYGMHWVRQAPGKGLEWVAVIWYDGSNKYYADSVKGRFTISRDNSKNTLYLQMNSLRAEDTAVYYCARDPERSSSPNWFDPWGQGTLVTVSS,SYVLTQPPSVSVAPGKTARITCGGNNIGSKSVHWYQQKPGQAPVLVIYYDSDRPSGIPERFSGSNSGNTATLTISRVEAGDEADYYCQVWDSSSAHVVFGGGTKLTVL,0
462325,815992,QITLKESGPTLVKPTQTLTLTCTFSGFSLSTSGVGVGWIRQPPGKALEWLALIYWNDDKRYSPSLKSRLTITKDTSKNQVVLTMTNMDPVDTATYYCAHRLISLQDAFDIWGQGTMVTVSS,SYVLTQPPSVSVAPGQTARITCGGNNIGSKSVHWYQQKPGQAPVLVVYDDSDRPSGIPERFSGSNSGNTATLTISRVEAGDEADYYCQVWDSSSDHVVFGGGTKLTVL,0
381742,377613,QVQLQQSGPGLVKPSQTLSLTCAISGDSVSSNSAAWNWIRQSPSRGLEWLGRTYYRSKWYNDYAVSVKSRITINPDTSKNQFSLQLNSVTPEDTAVYYCAREGWGGYSYGYYYYMDVWGKGTTVTVSS,QTVVTQEPSFSVSPGGTVTLTCGLSSGSVSTSYYPSWYQQTPGQAPRTLIYSTNTRSSGVPDRFSGSILGNKAALTITGAQADDESDYYCVLYMGSGIWVFGGGTKLTVL,1
56563,648916,EVQLVESGGGLVQPGGSLRLSCAASGFTFSSYEMNWVRQAPGKGLEWVSYISSSGSTIYYADSVKGRFTISRDNAKNSLYLQMNSLRAEDTAVYYCARGAIDYYYYMDVWGKGTTVTVSS,SSELTQDPAVSVALGQTVRITCQGDSLRSYYASWYQQKPGQAPVLVIYGKNNRPSGIPDRFSGSSSGNTASLTITGAQAEDEADYYCNSRDSSGKDVVFGGGTKLTVL,0
200965,45449,EVQLVESGGGLVQPGGSLRLSCVASGFSISAYWTWVRQAPGKGLEWVANMMQDGSDKNYVDSVRGRFTISRDNAKNTLYLQMNRLRVDDTAMYYCARMYSGLDYWGRGTLVTVSS,EIVLTQSPGTLSLSPGERATLSCRASQSVTSGYLAWYQQKPGQAPRLLIYGASSRATGIPDRFSGSGSGTDFTLTISSLEPEDSAVYYCQKYGSSQTFGQGTKVEIK,0
97958,97684,QVQLVQSGSELKKPGASVKVSCKASGYTFTSYSMNWVRQAPGQGLEWMGWINTNTGNPTYAQGFTGRFVFSLDTSVSTAYLQISSLKAEDTAFYYCVRDPYRGSYRFDYWGQATLVTVSS,QTVVTQEPSFSVSPGGTVTLTCGLSSGSVSTGHYPSWYQQTPGQAPRTLIYSTNTRSSGVPDRFSGSIVGNKAALSITGAQAEDESDYYCVLYMGSGIWVFGGGTKLTVL,1
274510,1465149,QVQLVESGGGLVKPGGSLRLSCAASGFTFTDYYMSWIRQTPGKGLEWLSSISDSGSIFYADSVKGRFAIYRDNAKNSLYLQMNSLRAEDTAVYYCARYNVYQGAYFDCWGQGTLVTVSS,DIQMTQSPSTLSASVGDRVIITCRASQSISSWLAWYQQKPGKAPKLLIYKASNLQSGVPSRFSGSASGTEFTLTISSLQTDDFATYYCQHYSTSSPWTFGQGTKVEIK,0
631012,620315,QITLKESGPTLVKPTQTLTLTCTFSGFSLSTSGVGVGWIRQPPGKALEWLALIYWDDDKRYSPSLKSRLTITKDTSKNQVVLTMTNMDPVDTATYYCAHRQSGDRFPYYYYYYMDVWGKGTTVTVSS,QSVLTQPPSASGTPGQRVTISCSGSSSNIGSNYVYWYQQLPGTAPKLLIYRNNQRPSGVPDRFSGSKSGTSASLAISGLRSEDEADYYCAAWDDSLSGYVFGTGTKVTVL,1
577468,568413,EVQLVESGGGLVQPGGSLRLSCAASGFTFSSYSMNWVRQAPGKGLEWVSYISSSSSTIYYADSVKGRFTISRDNAKNSLYLQMNSLRAEDTAVYYCARDRTATVRSDFDYWGQGTLVTVSS,ETTLTQSPAFMSATPGDKVNISCKASQDIDDDMNWYQQKPGEAAIFIIQEATTLVPGISPRFSGSGYGTDFTLTINNIESEDAAYYFCLQHDNFPLMYTFGQGTKLEIK,1
698281,685399,EVQLLESGGGLVQPGGSQRLSCAASGFTFSNSAMAWVRQAPGKGLEWVSSISGSSGATYYADSVKDRFTISRDNSKNALYLQMDSLRAEDTAVFYCARNLYNRDWNWFFDLRGRGTLVAVSS,QTVVTQEPSLTVSPGGTVTLTCASSTGAVTSGNYPNWFQQKPGQAPRALIYSTSNKHSWTPARFSGSLLGGRAALTLSGVQPEDEADYYCLLHSDGVQIFGGGTKLTVL,1
614024,603879,QLQLQESGPGLVKPSETLSLTCTVSGGSISSSSYYWGWIRQPPGKGLEWIGSIYYSGSTYYNPSLKSRVTISVDTSKNQFSLKLSSVTAADTAVYYCARQGLGYCSGGSCYSTSWYFDLWGRGTLVTVSS,QTVVTQEPSLTVSPGGTVTLTCASSTGAVTSGYYPNWFQQKPGQAPRALIYSTSNKHSWTPARFSGSLLGGKAALTLSGVQPEDEAEYYCLLYYGGAPNYVFGTGTKVTVL,1
706872,1045292,QLQLQESGPGLVKPSETLSLTCTVSGGSISSSSYYWGWIRQPPGKGLEWIGSIYYSGSTYYNPSLKSRVTISVDTSKNQFSLKLSSVTAADTAVYYCARHYGPSLYTLEPFDYWGQGTLVTVSS,QSVLTQPPSVSGAPGQRVTISCTGSSSNIGAGYDVHWYQQLPGTAPKLLIYGNSNRPSGVPDRFSGSKSGTSASLAISGLQAEDEADYYCQSYDSSLSGFYVFGTGTKVTVL,0
347415,1517419,EVQLVESGGGLIQPGGSLRLTCVVSGFTVSSNYMNWVRQAPGKGLEWVSVIYNDGRTYYGDSVKGRFTISRDNSKNTLNLQMHSLRAEDTAVYFCARDSGGRVAFDFWGQGTTVTVSS,SYELTQPPSVSVSPGQTASITCSGDKLGDKYVSWYQQKPGQSPVLVIYQDIKRPSGIPERFSGSNSGNTATLTISGTQAMDEADYYCQAWDSSVGVFGGGTKLTVL,0
406327,199395,QVQLQESGPGLVKPSETLSLTCTVSGGSISSYYWSWIRQPPGKGLEWIGYIYYSGSTNYNPSLKSRVTISVDTSKNQFSLKLSSVTAADTAVYYCARGAGGDYYYYYMDVWGKGTTVTVSS,DIQMTQSPSSLSASVGDRVTITCRASQSISSYLNWYQQKPGKAPKLLIYAASSLQSGVPSRFSGSGSGTDFTLTISSLQPEDFATYYCQQSYSTPYTFGQGTKLEIK,0
266307,543073,EVQLLESGGGLVQPGGSLRLSCAASGFTFSSYAMSWVRQAPGKGLEWVSAISGSGGSTYYADSVKGRFTISRDNSKNTLYLQMNSLRAEDTAVYYCAYYYGSGSIAAKDYYYYGMDVWGQGTTVTVSS,DIQMTQSPSSLSASVGDRVTITCRASQSISSYLNWYQQKPGKAPKLLIYAASSLQSGVPSRFSGSGSGTDFTLTISSLQPEDFATYYCQQSYSTPRLTFGQGTKVEIK,0
144661,1126554,EVQLVESGGGLVQPGGSLRLSCAASGFTFSSYWMHWVRQAPGKGLVWVSRINSDGSSTSYADSVKGRFTISRDNAKNTLYLQMNSLRAEDTAVYYCARGANYAEDYWGQGTLVTVSS,SYELTQPPSVSVSPGQTASITCSGDKLGDKYACWYQQKPGQSPVLVIYQDSKRPSGIPERFSGSNSGNTATLTISGTQAMDEADYYCQAWDSSTEVFGGGTKLTVL,0
510187,1254552,EVQLVESGGGLVQPGGSLRLSCSASGFTFSSYGMHWVRQAPGKGLEYISAISSNGGSTYYADSVKGRFTISRDNSKNTLYLQMSNLRAEDTAVYYCVKPPGYYYDSSAYYNYWGQGTLVTVSS,DIVMTQSPLSLPVTPGEPASISCRSSQSLLHRNGYNYLDWYLQKPGQSPQLLIYLGSNRASGVPDRFSGSGSGTDFTLKISRVEAEDVGVYYCMQALQTPMYTFGQGTKLEIK,0
1115,747085,QVQLVQSGAEVKKPGASVKVSCKASGYTFTSYDINWVRQATGQGLEWMGWMNPNSGNTGYAQKFQGRVTMTRNTSISTAYMELSSLRSEDTAVYYCARGIHPITFGGVRYWGQGTLVTVSS,EIVLTQSPGTLSLSPGERATLSCRASQSVSSSYLAWYQQKPGQAPRLLIYGASSRATGIPDRFSGSGSGTDFTLTISRLEPEDFAVYYCQQYGSSQWTFGQGTKVEIK,0
44972,44920,QVQLQESGPGLVKPSQTLSLTCTVSGGSISSGSYYWSWIRQPAGKGLEWIGRIYTSGSTNYNPSLKSRVTISVDTSKNQFSLKLSSVTAADTAVYYCARDAQDRYGDYDLGENWFDPWGQGTLVTVSS,NLVLTQPQSLSGSPGKTITVSCTRNSGSFADNYVQWYQQRPGSAPTPVIYENNQRPSGVPDRFSGSIDSSSKSASLTISGLKTEDEADYYCQTYDSTFYVFGTGTKVTVL,1
390371,1387458,EVQLVESGGGLVQPGGSLRLSCAVSGFTFSYYELNWVRQAPGKGLEWVSYISTSGSTIHYADSVKGRFTISRDNAKNSLYLHMNSLRAEDTAIYYCARGYSSSWYKGYFDYWGQGTMVTVSS,SYVLTQPPSVSVAPGQTARITCGGNNIGSKSVHWYQQKPGQAPVLVVYDDSDRPSGIPERFSGSNSGNTATLTISRVEAGDEADYYCQVWDSSSDHWVFGGGTKLTVL,0
344866,941278,QVQLVESGGGVVQPGRSLRLSCAASGFTFSSYGMHWVRQAPGKGLEWVAVIWYDGSNKYYADSVKGRFTISRDNSKNTLYLQMNSLRAEDTAVYYCARDFGGSGWYSCFDYWGQGTLVTVSS,DIQMTQSPSSLSASVGDRVTITCRASQSISSYLNWYQQKPGKAPKLLIYAASSLQSGVPSRFSGSGSGTDFTLTISSLQPEDFATYYCQQSYSTPRTFGQGTKVEIK,0
19549,939262,QVQLQQWGAGLLKPSETLSLTCAVYGGSFSGYYWSWIRQPPGKGLEWIGEINHSGSTNYNPSLKSRVTISVDTSKNQFSLKLSSVTAADTAVYYCARGGYSSGWYYYWGQGTLVTVSS,QSVLTQPPSVSAAPGQKVTISCSGSSSNIGNNYVSWYQQLPGTAPKLLIYDNNKRPSGIPDRFSGSKSGTSATLGITGLQTGDEADYYCGTWDSSLSAVVFGGGTKLTVL,0
